Modalities,Best AUC,BestEpoch
"T1,T2",0.7881457749299159,5
"T1,T2star",0.7918660287081339,7
"T1,FLAIR",0.7947937525030037,12
"T1,MRA",0.7918660287081339,10
